Product Name,UPC,Store,Dollars
Product3,57673079711,0012,$5752.63
Product31,02270547691,0012,$8440.59
Product39,57711561257,0016,"$2,576.11"
Product5,96224002327,0016,"$4,251.25"
Product21,60231740117,0040,"$2,328.01"
Product27,80866282821,0040,"$1,564.98"
Product1,67284329357,0055,$8376.87
Product30,28206525665,0055,$7120.24
Product10,15201700933,0072,"$6,151.31"
Product31,02270547691,0072,$98.07
Product30,28206525665,0080,"$4,784.93"
Product44,26394775919,0080,"$4,281.71"
Product23,39930865637,0086,"$2,542.42"
Product37,28016877120,0086,"$2,389.49"
Product16,06702427519,0087,"$9,268.34"
Product7,61998026326,0087,"$2,945.14"
Product29,72063080298,0098,"$7,722.35"
Product44,26394775919,0098,"$8,454.70"
Product32,61020718631,0099,"$8,451.97"
Product4,05497329552,0099,"$7,274.64"
Product41,96191971221,0101,$3187.83
Product47,99407942739,0101,$8870.63
Product1,67284329357,0105,"$8,833.55"
Product50,97096609255,0105,"$2,425.35"
Product12,30915691076,0117,$9098.61
Product29,72063080298,0117,$2815.4
Product33,98272167922,0118,$4308.27
Product34,68165039570,0118,$5647.8
Product16,06702427519,0119,"$4,143.89"
Product2,42676299195,0119,"$9,264.80"
Product4,05497329552,0125,$6915.06
Product7,61998026326,0125,$3652.31
Product13,50453684543,0139,"$9,041.71"
Product2,42676299195,0139,"$5,674.47"
Product22,45669451879,0143,$3157.58
Product8,48364282331,0143,$6871.52
Product33,98272167922,0147,$8550.63
Product47,99407942739,0147,$6264.17
Product29,72063080298,0153,"$5,131.98"
Product49,62508867644,0153,"$3,583.59"
Product31,02270547691,0160,"$8,874.43"
Product4,05497329552,0160,"$9,977.59"
Product12,30915691076,0172,$54.23
Product24,02627546415,0172,"$7,798.16"
Product14,96081144218,0176,$4173.58
Product31,02270547691,0176,$6087.5
Product34,68165039570,0176,$7787.36
Product9,40167367890,0176,$7778.99
Product16,06702427519,0181,$9407.21
Product34,68165039570,0181,$9151.59
Product42,43943511958,0191,$269.43
Product46,47171058857,0191,"$7,910.93"
Product14,96081144218,0213,$671.34
Product3,57673079711,0213,"$8,532.24"
Product18,58387727048,0222,$1815.13
Product36,50169820334,0222,$1388.18
Product46,47171058857,0224,"$2,095.81"
Product6,82683026278,0224,"$6,373.33"
Product2,42676299195,0232,$2995.43
Product29,72063080298,0232,$1142.87
Product5,96224002327,0241,"$3,515.45"
Product9,40167367890,0241,"$8,162.90"
Product25,71287678869,0245,$4774.71
Product4,05497329552,0245,$8496.68
Product40,55526029031,0260,$5365.54
Product43,17056912857,0260,$2674.34
Product25,71287678869,0269,"$4,105.53"
Product42,43943511958,0269,"$8,772.06"
Product10,15201700933,0270,$294.83
Product43,17056912857,0270,$9470.91
Product5,96224002327,0300,"$2,105.88"
Product8,48364282331,0300,"$6,247.05"
Product42,43943511958,0302,"$7,119.25"
Product9,40167367890,0302,"$6,530.17"
Product14,96081144218,0303,"$3,596.58"
Product33,98272167922,0303,"$2,518.69"
Product44,26394775919,0316,$5408.99
Product45,27818244162,0316,$5785.95
Product2,42676299195,0352,$3465.25
Product36,50169820334,0352,$624.16
Product49,62508867644,0364,$591.04
Product50,97096609255,0364,$1389.13
Product38,78715089230,0366,$4832.15
Product45,27818244162,0366,$6275.42
Product17,70113966744,0372,"$1,628.00"
Product21,60231740117,0372,"$8,764.54"
Product32,61020718631,0372,$3565.33
Product5,96224002327,0372,$8528.49
Product27,80866282821,0374,$6565.4
Product9,40167367890,0374,$6722.83
Product36,50169820334,0382,$7596.84
Product42,43943511958,0382,$988.82
Product2,42676299195,0394,$971.02
Product6,82683026278,0394,"$8,730.04"
Product26,96938346833,0395,$9514.53
Product31,02270547691,0395,$1228.42
Product19,62570541976,0396,$3464.22
Product39,57711561257,0396,$3455.14
Product31,02270547691,0400,"$6,982.83"
Product49,62508867644,0400,"$5,546.39"
Product20,11423207414,0403,$3427.41
Product41,96191971221,0403,$5510.31
Product23,39930865637,0430,$7319.68
Product32,61020718631,0430,$5662.76
Product14,96081144218,0445,"$2,611.72"
Product3,57673079711,0445,"$9,245.64"
Product5,96224002327,0445,"$9,633.17"
Product9,40167367890,0445,"$7,204.09"
Product12,30915691076,0452,"$5,220.24"
Product20,11423207414,0452,"$9,725.16"
Product47,99407942739,0459,"$6,680.00"
Product6,82683026278,0459,"$7,876.57"
Product12,30915691076,0460,$3723.9
Product7,61998026326,0460,$2770.34
Product38,78715089230,0489,"$5,420.97"
Product4,05497329552,0489,"$7,374.24"
Product1,67284329357,0499,$4243.03
Product36,50169820334,0499,$9261.69
Product27,80866282821,0529,"$1,017.29"
Product8,48364282331,0529,"$4,654.15"
Product34,68165039570,0534,$8095.98
Product9,40167367890,0534,$8197.75
Product10,15201700933,0539,"$2,743.94"
Product28,43248393236,0539,"$8,847.17"
Product12,30915691076,0541,$9865.89
Product8,48364282331,0541,$6578.85
Product42,43943511958,0571,$9361.31
Product6,82683026278,0571,$6832.46
Product23,39930865637,0575,$1059.07
Product41,96191971221,0575,$8096.97
Product16,06702427519,0576,$3422.75
Product22,45669451879,0576,$9291.96
Product11,74039078565,0577,$6825.74
Product23,39930865637,0577,"$7,794.19"
Product27,80866282821,0577,"$2,050.27"
Product31,02270547691,0577,$9292.93
Product16,06702427519,0582,"$7,927.18"
Product36,50169820334,0582,"$3,554.59"
Product17,70113966744,0586,"$1,927.52"
Product46,47171058857,0586,"$2,530.22"
Product34,68165039570,0589,$603.53
Product40,55526029031,0589,"$1,870.02"
Product1,67284329357,0595,$3983.26
Product27,80866282821,0595,$2013.01
Product12,30915691076,0599,$6082.91
Product21,60231740117,0599,$3867.39
Product19,62570541976,0607,$980.26
Product26,96938346833,0607,$595.77
Product1,67284329357,0611,$2698.59
Product44,26394775919,0611,$9735.08
Product26,96938346833,0614,$3408.94
Product48,94787770605,0614,$3284.43
Product31,02270547691,0622,"$5,009.22"
Product37,28016877120,0622,"$4,088.22"
Product25,71287678869,0628,$3814.73
Product42,43943511958,0628,$4845.43
Product10,15201700933,0632,$2755.66
Product11,74039078565,0632,$6124.69
Product42,43943511958,0639,$8700.2
Product5,96224002327,0639,$2044.84
Product25,71287678869,0649,$2191.78
Product38,78715089230,0649,$7287.97
Product38,78715089230,0654,$9014.69
Product47,99407942739,0654,$2368.97
Product33,98272167922,0669,$9053.1
Product42,43943511958,0669,$8007.4
Product26,96938346833,0675,$7472.7
Product50,97096609255,0675,$644.91
Product36,50169820334,0685,$3408.78
Product41,96191971221,0685,$1687.63
Product22,45669451879,0692,"$9,098.93"
Product16,06702427519,0719,"$6,094.82"
Product36,50169820334,0719,"$6,828.90"
Product34,68165039570,0733,"$8,791.54"
Product45,27818244162,0733,"$8,711.70"
Product34,68165039570,0741,$2667.45
Product46,47171058857,0741,$9034.17
Product37,28016877120,0758,$2688.79
Product40,55526029031,0758,$7665.83
Product10,15201700933,0760,$9636.24
Product26,96938346833,0760,$7772.42
Product26,96938346833,0779,"$6,679.51"
Product4,05497329552,0779,"$3,818.12"
Product34,68165039570,0792,$6886.99
Product36,50169820334,0792,$2846.96
Product2,42676299195,0799,"$1,316.45"
Product25,71287678869,0799,"$5,933.87"
Product25,71287678869,0808,$7026.05
Product26,96938346833,0808,$7118.92
Product15,20492544049,0816,"$1,313.15"
Product25,71287678869,0816,"$3,947.75"
Product23,39930865637,0821,"$7,995.41"
Product26,96938346833,0821,"$6,304.98"
Product26,96938346833,0827,$3958.69
Product33,98272167922,0827,$7469.79
Product2,42676299195,0838,"$4,698.05"
Product46,47171058857,0838,"$2,035.70"
Product12,30915691076,0857,$5768.96
Product45,27818244162,0857,$2536.69
Product21,60231740117,0865,$2707.97
Product32,61020718631,0865,"$1,726.10"
Product41,96191971221,0865,"$4,639.25"
Product43,17056912857,0865,$3390.16
Product27,80866282821,0886,"$2,051.69"
Product50,97096609255,0886,"$7,720.25"
Product19,62570541976,0914,$3269.95
Product25,71287678869,0914,$4206.71
Product13,50453684543,0949,$9920
Product43,17056912857,0949,$6649.52
Product25,71287678869,0956,"$9,803.23"
Product6,82683026278,0956,"$6,692.45"
Product3,57673079711,0962,"$4,310.98"
Product32,61020718631,0962,$990.65
Product33,98272167922,0962,"$4,176.68"
Product37,28016877120,0962,"$5,166.52"
Product22,45669451879,0971,$7448.23
Product38,78715089230,0971,$5970.39
Product1,67284329357,0977,$3576.09
Product22,45669451879,0977,$3185.07
Product26,96938346833,1035,$561.84
Product49,62508867644,1035,$2920.04
Product38,78715089230,1046,$1439.75
Product47,99407942739,1046,$8044.62
Product13,50453684543,1047,"$1,608.00"
Product18,58387727048,1047,"$2,245.54"
Product10,15201700933,1061,$9357.28
Product30,28206525665,1061,$3298.13
Product50,97096609255,1084,$2814.1
Product7,61998026326,1084,$6648
Product12,30915691076,1094,$6103.13
Product16,06702427519,1094,$4656.53
Product25,71287678869,1098,$6183.18
Product38,78715089230,1098,$38.43
Product20,11423207414,1102,"$1,660.21"
Product34,68165039570,1102,"$1,530.82"
Product43,17056912857,1116,$6924.4
Product8,48364282331,1116,$4897.56
Product14,96081144218,1133,"$5,139.82"
Product28,43248393236,1133,"$8,630.36"
Product42,43943511958,1190,$6029.47
Product6,82683026278,1190,$6662.91
Product30,28206525665,1203,"$6,674.62"
Product50,97096609255,1203,"$8,463.70"
Product30,28206525665,1215,$7707.61
Product4,05497329552,1215,$6613.91
Product36,50169820334,1221,$8965.19
Product41,96191971221,1221,$3186.38
Product20,11423207414,1222,"$5,701.92"
Product49,62508867644,1222,"$7,103.81"
Product32,61020718631,1227,$751.27
Product35,27130072807,1227,"$5,358.38"
Product25,71287678869,1236,"$2,670.83"
Product50,97096609255,1236,"$4,619.12"
Product17,70113966744,1239,"$2,340.85"
Product22,45669451879,1239,"$3,844.25"
Product3,57673079711,1248,$4490.4
Product49,62508867644,1248,$8880.44
Product23,39930865637,1269,$371.26
Product30,28206525665,1269,$3814.54
Product29,72063080298,1270,"$4,040.35"
Product41,96191971221,1270,"$4,997.37"
Product17,70113966744,1275,$4015.44
Product29,72063080298,1275,$3590.24
Product31,02270547691,1275,$4535.56
Product7,61998026326,1275,$811.16
Product2,42676299195,1278,"$1,357.98"
Product49,62508867644,1278,"$2,935.67"
Product34,68165039570,1285,$5523.28
Product7,61998026326,1285,$8232.01
Product41,96191971221,1302,"$3,279.80"
Product45,27818244162,1302,"$1,549.81"
Product40,55526029031,1308,"$3,194.60"
Product7,61998026326,1308,"$5,730.67"
Product31,02270547691,1312,"$2,906.15"
Product46,47171058857,1312,"$2,542.92"
Product2,42676299195,1333,$509.97
Product20,11423207414,1333,$8345.16
Product46,47171058857,1351,$874.03
Product50,97096609255,1351,$9832.44
Product36,50169820334,1394,$905.99
Product6,82683026278,1394,$5440.45
Product32,61020718631,1405,$264.08
Product47,99407942739,1405,$6357.35
Product20,11423207414,1420,$403.74
Product41,96191971221,1420,"$8,556.81"
Product37,28016877120,1425,"$2,782.28"
Product47,99407942739,1425,"$7,006.88"
Product13,50453684543,1444,$6087.84
Product32,61020718631,1444,$8882.28
Product35,27130072807,1467,"$9,884.70"
Product38,78715089230,1467,"$4,926.03"
Product23,39930865637,1468,"$7,829.90"
Product25,71287678869,1468,"$5,945.98"
Product29,72063080298,1469,$573.75
Product4,05497329552,1469,"$1,692.81"
Product35,27130072807,1473,$9703.09
Product47,99407942739,1473,$7705.81
Product11,74039078565,1479,$7142.81
Product16,06702427519,1479,$3612.6
Product1,67284329357,1492,$7029.05
Product49,62508867644,1492,$7535.32
Product23,39930865637,1510,$612.21
Product26,96938346833,1510,$5746.3
Product26,96938346833,1517,"$3,872.59"
Product5,96224002327,1517,"$6,719.93"
Product12,30915691076,1522,"$7,345.80"
Product44,26394775919,1522,"$9,694.16"
Product4,05497329552,1528,$8482.32
Product8,48364282331,1528,$9615.48
Product27,80866282821,1546,"$4,497.79"
Product43,17056912857,1546,"$9,376.98"
Product1,67284329357,1554,$8022.67
Product16,06702427519,1554,$2434.31
Product23,39930865637,1565,$2262.15
Product47,99407942739,1565,$8420.5
Product16,06702427519,1570,"$8,487.51"
Product23,39930865637,1570,"$2,678.21"
Product1,67284329357,1575,$8512.41
Product20,11423207414,1582,$4559.66
Product33,98272167922,1582,$5294.65
Product18,58387727048,1595,$3004.08
Product44,26394775919,1595,$7252.21
Product2,42676299195,1608,$7793.05
Product50,97096609255,1608,$4886.76
Product41,96191971221,1614,$7927.88
Product8,48364282331,1614,$2726.67
Product17,70113966744,1621,$7953.79
Product47,99407942739,1621,$4481.92
Product49,62508867644,1633,$4194.54
Product8,48364282331,1633,$5395.53
Product13,50453684543,1673,$1826.56
Product46,47171058857,1673,$1055.41
Product18,58387727048,1691,"$2,546.62"
Product48,94787770605,1691,"$6,240.30"
Product3,57673079711,1700,$4289.52
Product30,28206525665,1700,$6807.07
Product36,50169820334,1703,$3182.94
Product8,48364282331,1703,$8327.18
Product28,43248393236,1777,$2059.65
Product42,43943511958,1777,$8593.4
Product17,70113966744,1795,$5140.42
Product27,80866282821,1795,$1432.8
Product2,42676299195,1802,"$1,449.78"
Product4,05497329552,1802,"$2,399.63"
Product2,42676299195,1808,$4830.66
Product27,80866282821,1808,$5199.03
Product25,71287678869,1845,"$4,972.55"
Product47,99407942739,1845,"$5,892.33"
Product33,98272167922,1847,$4468.82
Product41,96191971221,1847,$3655.49
Product31,02270547691,1867,$3805.26
Product47,99407942739,1867,$3199.46
Product11,74039078565,1881,$8958.17
Product35,27130072807,1881,$5698.76
Product35,27130072807,1884,$8038.32
Product6,82683026278,1884,$7442.02
Product45,27818244162,1885,"$3,244.66"
Product50,97096609255,1885,$318.25
Product3,57673079711,1892,$3722.38
Product6,82683026278,1892,$7022.32
Product1,67284329357,1899,"$3,622.49"
Product10,15201700933,1899,"$5,975.97"
Product1,67284329357,1901,"$6,442.62"
Product16,06702427519,1901,"$3,356.31"
Product32,61020718631,1909,$1157.68
Product47,99407942739,1909,$4407.25
Product34,68165039570,1916,"$7,295.58"
Product50,97096609255,1916,"$9,315.31"
Product13,50453684543,1925,"$3,050.03"
Product28,43248393236,1925,"$7,586.34"
Product23,39930865637,1926,$6128.69
Product32,61020718631,1926,$7818.22
Product38,78715089230,1942,"$9,527.51"
Product8,48364282331,1942,"$8,309.35"
Product12,30915691076,1946,"$3,604.47"
Product35,27130072807,1946,"$3,623.79"
Product49,62508867644,1952,"$6,559.31"
Product9,40167367890,1952,"$6,602.36"
Product20,11423207414,1959,$2900.56
Product23,39930865637,1959,$1983.2
Product16,06702427519,1967,"$3,646.89"
Product2,42676299195,1967,"$9,160.50"
Product21,60231740117,1975,$8059.76
Product46,47171058857,1975,$6022.75
Product8,48364282331,1981,"$9,098.88"
Product9,40167367890,1981,"$4,676.37"
Product41,96191971221,2000,$59.09
Product48,94787770605,2000,"$6,133.03"
Product20,11423207414,2003,$3460.12
Product6,82683026278,2003,$8740.62
Product12,30915691076,2016,"$7,690.40"
Product22,45669451879,2016,"$4,949.68"
Product22,45669451879,2026,$2764.07
Product25,71287678869,2026,$3591.23
Product39,57711561257,2033,$2643.93
Product47,99407942739,2033,$7126.33
Product2,42676299195,2041,"$8,366.90"
Product44,26394775919,2041,"$9,841.24"
Product17,70113966744,2043,"$4,388.49"
Product37,28016877120,2043,"$6,019.55"
Product14,96081144218,2046,"$4,932.53"
Product8,48364282331,2046,"$3,318.43"
Product15,20492544049,2055,$1345.64
Product26,96938346833,2055,$9953.17
Product44,26394775919,2058,"$5,520.68"
Product5,96224002327,2058,"$2,487.41"
Product19,62570541976,2074,"$6,904.73"
Product20,11423207414,2074,"$2,131.90"
Product11,74039078565,2084,"$2,609.83"
Product25,71287678869,2084,$715.47
Product11,74039078565,2087,"$1,780.75"
Product20,11423207414,2087,"$3,907.73"
Product48,94787770605,2087,$174.17
Product7,61998026326,2087,$425.18
Product23,39930865637,2093,"$6,273.74"
Product41,96191971221,2093,"$3,343.15"
Product17,70113966744,2096,$176.78
Product44,26394775919,2096,$7910.03
Product10,15201700933,2100,"$3,845.02"
Product26,96938346833,2100,"$3,779.35"
Product37,28016877120,2100,"$7,724.24"
Product48,94787770605,2100,"$4,728.00"
Product34,68165039570,2101,"$9,600.39"
Product46,47171058857,2101,"$9,361.75"
Product23,39930865637,2106,$8162.25
Product6,82683026278,2106,$1017.97
Product25,71287678869,2111,$2368.46
Product30,28206525665,2111,$374.22
Product17,70113966744,2137,"$8,570.04"
Product20,11423207414,2137,"$1,360.86"
Product17,70113966744,2141,$2298.63
Product9,40167367890,2141,$2816.15
Product11,74039078565,2143,"$2,541.92"
Product49,62508867644,2143,"$2,280.79"
Product14,96081144218,2144,$3392.58
Product9,40167367890,2144,$96.89
Product34,68165039570,2162,"$4,106.05"
Product50,97096609255,2162,"$5,208.78"
Product17,70113966744,2179,"$6,021.38"
Product20,11423207414,2179,"$6,541.28"
Product14,96081144218,2239,"$6,482.75"
Product19,62570541976,2239,"$3,090.35"
Product27,80866282821,2240,$6214.27
Product47,99407942739,2240,$3727.59
Product1,67284329357,2265,"$9,991.66"
Product15,20492544049,2265,"$1,260.94"
Product27,80866282821,2290,"$1,161.12"
Product39,57711561257,2290,"$1,936.42"
Product35,27130072807,2297,"$2,715.57"
Product44,26394775919,2297,"$2,587.15"
Product33,98272167922,2299,$2817.66
Product41,96191971221,2299,$3726.93
Product38,78715089230,2302,"$5,189.62"
Product4,05497329552,2302,"$6,582.30"
Product14,96081144218,2303,"$5,365.53"
Product2,42676299195,2303,"$8,338.95"
Product4,05497329552,2310,$4983.33
Product7,61998026326,2310,$4633.51
Product34,68165039570,2315,$8330.41
Product6,82683026278,2315,$8703.12
Product37,28016877120,2316,$2268.43
Product50,97096609255,2316,$7543.47
Product3,57673079711,2321,$4349
Product4,05497329552,2321,$8876.55
Product28,43248393236,2338,$8754.7
Product31,02270547691,2338,$1594.76
Product11,74039078565,2339,$6479.69
Product33,98272167922,2339,$7703.57
Product40,55526029031,2343,"$7,128.65"
Product50,97096609255,2343,"$5,852.36"
Product26,96938346833,2344,$7909.09
Product5,96224002327,2344,$6529.05
Product47,99407942739,2356,"$6,136.54"
Product9,40167367890,2356,$44.24
Product15,20492544049,2358,$6164.08
Product38,78715089230,2358,$5581.51
Product37,28016877120,2371,$4578.05
Product47,99407942739,2371,$3659.85
Product18,58387727048,2375,$2005.64
Product41,96191971221,2375,$8607.45
Product48,94787770605,2384,"$1,324.70"
Product49,62508867644,2384,"$1,707.77"
Product17,70113966744,2407,$4175.66
Product47,99407942739,2407,$7208.64
Product13,50453684543,2410,$7237.04
Product22,45669451879,2410,$7364.32
Product39,57711561257,2455,"$3,641.88"
Product45,27818244162,2455,"$7,164.87"
Product2,42676299195,2467,"$3,536.74"
Product34,68165039570,2467,"$1,294.12"
Product38,78715089230,2467,$9311.45
Product44,26394775919,2467,$4713.01
Product28,43248393236,2474,$4998.4
Product32,61020718631,2474,$6510.8
Product18,58387727048,2475,"$3,977.32"
Product43,17056912857,2475,"$9,598.87"
Product10,15201700933,2489,$8715.95
Product14,96081144218,2489,$9903.49
Product2,42676299195,2490,$8590.78
Product5,96224002327,2490,$4615.92
Product22,45669451879,2496,$314.21
Product34,68165039570,2496,$1297.46
Product20,11423207414,2503,"$5,054.13"
Product45,27818244162,2503,"$8,759.57"
Product38,78715089230,2515,"$8,437.30"
Product4,05497329552,2515,"$2,937.85"
Product29,72063080298,2522,$7646.85
Product3,57673079711,2522,$8507.54
Product21,60231740117,2532,"$1,841.04"
Product25,71287678869,2532,"$8,933.93"
Product11,74039078565,2545,"$8,220.73"
Product16,06702427519,2545,"$4,774.21"
Product20,11423207414,2551,"$6,845.46"
Product8,48364282331,2551,"$4,392.73"
Product2,42676299195,2556,"$4,224.24"
Product6,82683026278,2556,"$6,019.40"
Product29,72063080298,2576,"$7,532.21"
Product48,94787770605,2576,"$3,504.26"
Product45,27818244162,2592,"$1,523.73"
Product50,97096609255,2592,"$3,188.07"
Product19,62570541976,2597,"$2,610.32"
Product31,02270547691,2597,"$9,250.41"
Product35,27130072807,2601,$84.34
Product46,47171058857,2601,$575.32
Product22,45669451879,2603,"$8,693.12"
Product30,28206525665,2603,"$6,948.00"
Product22,45669451879,2604,"$4,540.40"
Product25,71287678869,2604,"$8,288.84"
Product15,20492544049,2605,$9190.39
Product28,43248393236,2605,$4897.02
Product18,58387727048,2667,"$9,148.41"
Product42,43943511958,2667,"$5,256.97"
Product30,28206525665,2674,$527.06
Product36,50169820334,2674,$8809.79
Product40,55526029031,2691,"$9,013.45"
Product43,17056912857,2691,"$7,971.51"
Product37,28016877120,2703,$215.91
Product46,47171058857,2703,"$8,760.42"
Product1,67284329357,2717,"$1,824.39"
Product33,98272167922,2717,"$6,277.57"
Product2,42676299195,2720,$6800.9
Product50,97096609255,2720,$7508.01
Product26,96938346833,2726,"$4,969.49"
Product35,27130072807,2726,"$7,730.88"
Product35,27130072807,2727,$8819.69
Product41,96191971221,2727,$6632.72
Product24,02627546415,2736,$1616.99
Product27,80866282821,2736,$652.72
Product37,28016877120,2737,$147.97
Product46,47171058857,2737,"$3,972.51"
Product14,96081144218,2760,"$9,185.63"
Product49,62508867644,2760,"$4,387.05"
Product17,70113966744,2768,"$4,173.19"
Product29,72063080298,2768,"$3,749.14"
Product19,62570541976,2769,$983.93
Product28,43248393236,2769,$6126.36
Product13,50453684543,2772,"$5,007.43"
Product22,45669451879,2772,"$3,473.48"
Product17,70113966744,2794,$5395.33
Product39,57711561257,2794,$9640.09
Product50,97096609255,2794,$3322.13
Product8,48364282331,2794,$8162.01
Product25,71287678869,2799,"$7,134.41"
Product42,43943511958,2799,"$7,220.74"
Product13,50453684543,2802,$3158.41
Product32,61020718631,2802,$9682.96
Product47,99407942739,2807,$3676.99
Product9,40167367890,2807,$2674.73
Product13,50453684543,2820,"$2,994.89"
Product17,70113966744,2820,"$1,305.40"
Product18,58387727048,2823,$8721.89
Product48,94787770605,2823,$1727.01
Product22,45669451879,2831,"$3,540.87"
Product24,02627546415,2831,"$8,919.75"
Product47,99407942739,2833,$6874.08
Product7,61998026326,2833,$3076.61
Product42,43943511958,2836,$9384.72
Product47,99407942739,2836,$7949.32
Product23,39930865637,2843,"$6,921.29"
Product46,47171058857,2843,"$6,727.62"
Product35,27130072807,2847,$9031.32
Product50,97096609255,2847,$4240.47
Product2,42676299195,2881,"$1,267.86"
Product20,11423207414,2881,"$6,013.19"
Product49,62508867644,2881,"$2,476.64"
Product6,82683026278,2881,"$7,456.88"
Product31,02270547691,2886,$2245.49
Product39,57711561257,2886,$7869.55
Product11,74039078565,2891,$1980.57
Product13,50453684543,2891,$1052.5
Product1,67284329357,2905,$5495.03
Product20,11423207414,2905,$9292.07
Product18,58387727048,2918,$110.39
Product22,45669451879,2918,$7966.59
Product24,02627546415,2924,"$6,332.48"
Product29,72063080298,2924,"$9,513.38"
Product1,67284329357,2943,"$4,520.63"
Product21,60231740117,2943,"$1,805.67"
Product45,27818244162,2946,$9570.7
Product48,94787770605,2946,$398.34
Product22,45669451879,2961,$668.06
Product41,96191971221,2961,$8050.82
Product15,20492544049,2967,$908.29
Product23,39930865637,2967,"$6,816.91"
Product24,02627546415,2980,$7849.83
Product28,43248393236,2980,$5511.03
Product14,96081144218,2991,$3733.94
Product4,05497329552,2991,$5053.15
Product10,15201700933,3005,$1581.99
Product25,71287678869,3005,$8174.34
Product13,50453684543,3008,$5090.73
Product16,06702427519,3008,$2643.58
Product22,45669451879,3017,$4901.78
Product24,02627546415,3017,$2887.81
Product1,67284329357,3020,$4402.91
Product40,55526029031,3020,$4438.43
Product25,71287678869,3029,$3526.09
Product41,96191971221,3029,$277.35
Product13,50453684543,3034,"$9,427.80"
Product8,48364282331,3034,"$7,781.04"
Product11,74039078565,3072,"$1,021.33"
Product35,27130072807,3072,"$9,688.21"
Product18,58387727048,3081,"$9,246.33"
Product36,50169820334,3081,"$5,054.65"
Product22,45669451879,3093,$193.72
Product45,27818244162,3093,$3554.61
Product16,06702427519,3105,$7807.14
Product36,50169820334,3105,$8896.31
Product13,50453684543,3110,$562.59
Product6,82683026278,3110,"$6,872.16"
Product19,62570541976,3122,"$3,788.75"
Product26,96938346833,3122,"$5,437.04"
Product38,78715089230,3123,"$9,517.40"
Product8,48364282331,3123,"$8,230.54"
Product45,27818244162,3128,$591.64
Product48,94787770605,3128,"$8,100.62"
Product40,55526029031,3141,"$3,075.45"
Product42,43943511958,3141,"$6,773.12"
Product15,20492544049,3144,$8879.54
Product21,60231740117,3144,$5887.62
Product24,02627546415,3144,$169.87
Product37,28016877120,3144,$1642.61
Product39,57711561257,3147,"$5,499.87"
Product40,55526029031,3147,"$4,893.48"
Product11,74039078565,3149,$4423.2
Product48,94787770605,3149,$5700.9
Product21,60231740117,3165,"$1,427.42"
Product31,02270547691,3165,"$1,320.88"
Product38,78715089230,3174,"$5,317.22"
Product47,99407942739,3174,"$6,375.60"
Product46,47171058857,3177,$5840.72
Product50,97096609255,3177,$3890.89
Product17,70113966744,3193,$5602.52
Product48,94787770605,3193,$2383.81
Product12,30915691076,3207,$896.72
Product34,68165039570,3207,$4869.92
Product14,96081144218,3216,$6279.66
Product48,94787770605,3216,$9456.13
Product45,27818244162,3217,$4857.13
Product27,80866282821,3230,$3874.58
Product3,57673079711,3230,$1708.41
Product23,39930865637,3253,$8776.48
Product37,28016877120,3253,$6321.46
Product11,74039078565,3267,$6202.83
Product22,45669451879,3267,$1591.64
Product12,30915691076,3291,"$2,541.29"
Product26,96938346833,3291,"$8,358.23"
Product27,80866282821,3293,$4392.92
Product45,27818244162,3293,$8849.74
Product10,15201700933,3295,$2656.95
Product25,71287678869,3295,$7166.22
Product27,80866282821,3310,$4349.29
Product28,43248393236,3310,$6280.68
Product1,67284329357,3311,"$9,840.97"
Product2,42676299195,3311,"$6,245.97"
Product1,67284329357,3313,$1032.62
Product43,17056912857,3313,$219.38
Product33,98272167922,3323,"$8,243.17"
Product38,78715089230,3323,"$5,304.00"
Product29,72063080298,3332,$4718.6
Product33,98272167922,3332,$7546.04
Product12,30915691076,3377,$3114.62
Product8,48364282331,3377,$2978.3
Product27,80866282821,3385,$4079.38
Product9,40167367890,3385,$992.32
Product18,58387727048,3386,$3094.44
Product33,98272167922,3386,$700.17
Product25,71287678869,3389,$2579.75
Product46,47171058857,3389,$7474.16
Product27,80866282821,3395,"$8,887.94"
Product40,55526029031,3395,"$3,237.47"
Product34,68165039570,3404,"$4,546.68"
Product50,97096609255,3404,"$9,416.25"
Product20,11423207414,3406,$2899.37
Product25,71287678869,3406,$6334.15
Product5,96224002327,3416,"$5,913.75"
Product9,40167367890,3416,"$9,618.97"
Product26,96938346833,3425,"$4,872.41"
Product4,05497329552,3425,"$4,414.56"
Product26,96938346833,3427,$3802.1
Product35,27130072807,3427,$6290.01
Product15,20492544049,3435,"$5,707.92"
Product37,28016877120,3435,"$5,437.89"
Product19,62570541976,3437,$6248.76
Product5,96224002327,3437,$4154.75
Product47,99407942739,3451,$9804.87
Product48,94787770605,3451,$8415.88
Product19,62570541976,3452,$4613.14
Product37,28016877120,3452,$6563.02
Product4,05497329552,3454,"$8,463.45"
Product48,94787770605,3454,"$3,316.54"
Product40,55526029031,3478,$6678.32
Product47,99407942739,3478,$6873.68
Product13,50453684543,3509,$2414.21
Product18,58387727048,3509,$8077.86
Product17,70113966744,3517,"$5,390.56"
Product3,57673079711,3517,"$5,151.29"
Product13,50453684543,3528,"$7,862.64"
Product24,02627546415,3528,"$6,744.99"
Product11,74039078565,3538,$7589.11
Product34,68165039570,3538,$6829.54
Product10,15201700933,3539,"$4,387.63"
Product2,42676299195,3539,"$1,595.45"
Product16,06702427519,3553,"$4,624.59"
Product23,39930865637,3553,"$4,443.95"
Product3,57673079711,3561,"$7,425.44"
Product50,97096609255,3561,"$4,666.32"
Product11,74039078565,3591,$8651.19
Product36,50169820334,3591,$1290.77
Product15,20492544049,3595,$6905.83
Product44,26394775919,3595,$4600.05
Product3,57673079711,3598,"$1,327.40"
Product38,78715089230,3598,"$6,693.05"
Product29,72063080298,3599,"$6,553.02"
Product5,96224002327,3599,"$3,453.46"
Product31,02270547691,3607,"$5,544.67"
Product4,05497329552,3607,"$2,761.32"
Product17,70113966744,3611,$2056.24
Product6,82683026278,3611,$2522.72
Product16,06702427519,3628,$9425.4
Product32,61020718631,3628,$218.61
Product22,45669451879,3646,"$5,982.67"
Product24,02627546415,3646,"$9,448.73"
Product1,67284329357,3647,$151.35
Product24,02627546415,3647,"$8,536.42"
Product25,71287678869,3649,$7601.37
Product42,43943511958,3649,$7422.46
Product2,42676299195,3651,$231.18
Product35,27130072807,3651,"$9,427.55"
Product19,62570541976,3657,"$5,815.30"
Product46,47171058857,3657,"$8,204.48"
Product10,15201700933,3671,"$4,318.32"
Product8,48364282331,3671,"$2,083.07"
Product12,30915691076,3690,$7771.75
Product6,82683026278,3690,$3397.44
Product28,43248393236,3710,"$3,971.95"
Product44,26394775919,3710,"$1,523.21"
Product28,43248393236,3712,$6925.96
Product31,02270547691,3712,$3214.98
Product42,43943511958,3713,$5930.56
Product50,97096609255,3713,$707.79
Product17,70113966744,3719,$458.81
Product46,47171058857,3719,$4123.31
Product20,11423207414,3728,$9200.52
Product50,97096609255,3728,$9132.88
Product20,11423207414,3748,"$6,232.61"
Product35,27130072807,3748,"$5,084.96"
Product32,61020718631,3751,"$9,951.95"
Product40,55526029031,3751,"$9,092.73"
Product14,96081144218,3757,$2351.29
Product18,58387727048,3757,$9745.85
Product35,27130072807,3763,$9.1
Product37,28016877120,3763,$9571.48
Product32,61020718631,3785,$4008.07
Product34,68165039570,3785,$9211.19
Product21,60231740117,3796,$8776.3
Product8,48364282331,3796,$2014.14
Product11,74039078565,3807,$2150.43
Product21,60231740117,3807,"$5,941.07"
Product32,61020718631,3807,$3575.63
Product39,57711561257,3807,"$4,785.48"
Product19,62570541976,3813,$7310.19
Product26,96938346833,3813,"$1,437.90"
Product34,68165039570,3813,"$7,632.06"
Product4,05497329552,3813,$8682.61
Product44,26394775919,3813,"$6,153.58"
Product8,48364282331,3813,"$7,307.58"
Product1,67284329357,3818,$716.93
Product25,71287678869,3818,$2938.33
Product17,70113966744,3822,$1852.04
Product44,26394775919,3822,$6343.04
Product11,74039078565,3831,$584.55
Product32,61020718631,3831,$9131.98
Product13,50453684543,3836,"$8,605.60"
Product44,26394775919,3836,"$3,345.74"
Product40,55526029031,3842,"$3,336.65"
Product8,48364282331,3842,"$2,669.86"
Product20,11423207414,3846,$7676.83
Product33,98272167922,3846,$8716.62
Product23,39930865637,3847,$8505.62
Product33,98272167922,3847,$5960.65
Product14,96081144218,3848,$8100.37
Product16,06702427519,3848,$9047.75
Product19,62570541976,3858,$4961.59
Product20,11423207414,3858,"$9,034.70"
Product24,02627546415,3858,"$9,570.35"
Product26,96938346833,3858,$9608.86
Product21,60231740117,3876,$789.72
Product28,43248393236,3876,"$3,583.12"
Product20,11423207414,3883,$6337.21
Product33,98272167922,3883,$6488.27
Product19,62570541976,3889,$631.11
Product34,68165039570,3889,"$4,199.77"
Product24,02627546415,3890,"$5,219.95"
Product43,17056912857,3890,"$9,568.35"
Product26,96938346833,3894,$3038.89
Product28,43248393236,3894,$7885.05
Product13,50453684543,3952,$8641.45
Product35,27130072807,3952,$9982.64
Product41,96191971221,3959,"$5,486.94"
Product7,61998026326,3959,"$7,285.33"
Product36,50169820334,3978,"$8,647.66"
Product5,96224002327,3978,"$7,101.37"
Product25,71287678869,3986,"$6,454.40"
Product44,26394775919,3986,"$7,438.25"
Product26,96938346833,3994,"$2,248.42"
Product28,43248393236,3994,"$3,187.53"
Product23,39930865637,4006,$552.77
Product27,80866282821,4006,$7343.12
Product32,61020718631,4006,$8672.75
Product9,40167367890,4006,"$6,609.76"
Product33,98272167922,4008,$4817.55
Product50,97096609255,4008,$6754.96
Product15,20492544049,4010,"$2,206.14"
Product20,11423207414,4010,$431.38
Product15,20492544049,4030,"$4,301.93"
Product47,99407942739,4030,"$7,715.96"
Product16,06702427519,4037,$3113.9
Product44,26394775919,4037,$8662.09
Product2,42676299195,4062,"$7,334.54"
Product38,78715089230,4062,"$9,507.70"
Product17,70113966744,4073,$6741.03
Product18,58387727048,4073,$8273.25
Product13,50453684543,4076,"$1,433.90"
Product22,45669451879,4076,"$7,926.15"
Product2,42676299195,4105,"$7,397.60"
Product29,72063080298,4105,"$6,388.49"
Product37,28016877120,4124,$1961.92
Product43,17056912857,4124,$2840.98
Product26,96938346833,4130,$925.95
Product30,28206525665,4130,"$9,523.43"
Product33,98272167922,4136,$315.93
Product50,97096609255,4136,$284.78
Product31,02270547691,4137,$309.53
Product7,61998026326,4137,"$3,918.89"
Product15,20492544049,4154,$3316.28
Product23,39930865637,4154,$549.39
Product19,62570541976,4182,$8502.41
Product36,50169820334,4182,$9966.4
Product45,27818244162,4182,$2545.46
Product13,50453684543,4185,$639.67
Product49,62508867644,4185,"$5,163.93"
Product13,50453684543,4192,"$1,525.71"
Product39,57711561257,4192,"$5,307.97"
Product22,45669451879,4200,"$3,946.46"
Product35,27130072807,4200,"$5,008.98"
Product3,57673079711,4213,$3801.53
Product33,98272167922,4213,$8926.85
Product14,96081144218,4250,"$6,326.13"
Product16,06702427519,4250,"$8,879.86"
Product15,20492544049,4257,"$5,463.32"
Product49,62508867644,4257,"$7,296.56"
Product45,27818244162,4267,$44.64
Product49,62508867644,4267,$809.36
Product17,70113966744,4285,$928.11
Product25,71287678869,4285,"$8,987.36"
Product30,28206525665,4305,"$3,528.42"
Product45,27818244162,4305,"$9,173.26"
Product43,17056912857,4311,$5448.53
Product7,61998026326,4311,$3501.4
Product44,26394775919,4317,"$4,621.58"
Product50,97096609255,4317,$817.73
Product38,78715089230,4323,$5190.18
Product8,48364282331,4323,$3136.66
Product3,57673079711,4326,$9291.37
Product42,43943511958,4326,$1764.69
Product16,06702427519,4335,"$9,865.20"
Product25,71287678869,4335,"$4,619.56"
Product28,43248393236,4335,"$2,707.10"
Product47,99407942739,4335,$327.34
Product20,11423207414,4341,$5261.89
Product27,80866282821,4343,$306.26
Product8,48364282331,4343,$5587.81
Product4,05497329552,4344,$598.36
Product44,26394775919,4344,$258.12
Product29,72063080298,4348,$3023.89
Product43,17056912857,4348,$4006.05
Product25,71287678869,4350,$1270.66
Product4,05497329552,4350,$5635.27
Product16,06702427519,4352,"$6,760.73"
Product28,43248393236,4352,"$5,453.28"
Product15,20492544049,4371,$881.63
Product2,42676299195,4371,$2001.45
Product28,43248393236,4371,$3497.97
Product45,27818244162,4371,$1682.96
Product35,27130072807,4372,$9462.78
Product36,50169820334,4372,$4429.54
Product11,74039078565,4379,$2696.6
Product39,57711561257,4379,$7191.02
Product40,55526029031,4385,$4090.42
Product8,48364282331,4385,$9779.3
Product11,74039078565,4425,$8916.94
Product16,06702427519,4425,$3509.52
Product48,94787770605,4425,$2428.86
Product5,96224002327,4425,$5060.68
Product9,40167367890,4425,$88.67
Product25,71287678869,4426,$7801.58
Product44,26394775919,4426,$9857.56
Product12,30915691076,4429,$914.49
Product23,39930865637,4429,$5957.95
Product19,62570541976,4434,"$2,221.07"
Product31,02270547691,4434,"$3,114.53"
Product34,68165039570,4464,"$7,545.98"
Product37,28016877120,4464,"$5,769.74"
Product15,20492544049,4469,$7062.81
Product39,57711561257,4469,$6247.96
Product13,50453684543,4470,$7135.09
Product15,20492544049,4470,$9212.56
Product35,27130072807,4481,$9155.42
Product42,43943511958,4481,$4879.37
Product22,45669451879,4482,"$4,037.57"
Product28,43248393236,4482,"$8,032.91"
Product42,43943511958,4488,$8024.96
Product6,82683026278,4488,$2557.01
Product18,58387727048,4503,$89.02
Product20,11423207414,4503,$435.54
Product22,45669451879,4503,$7265.38
Product50,97096609255,4503,$5777.78
Product38,78715089230,4519,"$4,509.24"
Product48,94787770605,4519,$818.30
Product22,45669451879,4531,"$2,831.41"
Product6,82683026278,4531,"$8,569.45"
Product41,96191971221,4540,$8981.36
Product45,27818244162,4540,$407.7
Product31,02270547691,4555,"$8,231.20"
Product7,61998026326,4555,"$7,959.56"
Product39,57711561257,4578,"$8,403.38"
Product11,74039078565,4583,$4178.43
Product50,97096609255,4583,$1498.19
Product20,11423207414,4585,$191.31
Product45,27818244162,4585,"$9,308.06"
Product15,20492544049,4625,"$7,267.53"
Product8,48364282331,4625,"$5,286.58"
Product28,43248393236,4646,"$3,469.68"
Product42,43943511958,4646,"$7,327.52"
Product31,02270547691,4661,$1798.06
Product46,47171058857,4661,$6645.89
Product26,96938346833,4666,"$1,541.97"
Product28,43248393236,4666,"$4,248.93"
Product4,05497329552,4667,"$2,904.73"
Product48,94787770605,4667,"$3,938.69"
Product42,43943511958,4673,"$1,082.39"
Product46,47171058857,4673,"$9,132.85"
Product18,58387727048,4680,"$8,727.36"
Product20,11423207414,4680,$4219.28
Product34,68165039570,4680,$3643.4
Product40,55526029031,4680,$336.72
Product20,11423207414,4695,"$3,533.57"
Product3,57673079711,4695,"$9,139.82"
Product11,74039078565,4696,$5964.63
Product18,58387727048,4696,$6799.84
Product11,74039078565,4702,$1996.73
Product35,27130072807,4702,$4818.67
Product15,20492544049,4703,$8480.93
Product4,05497329552,4703,$7190.46
Product2,42676299195,4721,"$2,750.51"
Product8,48364282331,4721,"$5,627.92"
Product32,61020718631,4731,"$1,948.18"
Product34,68165039570,4731,"$4,065.54"
Product2,42676299195,4735,$6615.4
Product29,72063080298,4735,$665.06
Product31,02270547691,4741,$5783.11
Product38,78715089230,4741,$6962.86
Product21,60231740117,4755,$2569.42
Product34,68165039570,4755,$6827.53
Product14,96081144218,4764,$3493.11
Product19,62570541976,4764,$8483.55
Product16,06702427519,4765,$7920.94
Product27,80866282821,4765,$4379.33
Product18,58387727048,4766,"$5,518.37"
Product34,68165039570,4766,"$5,043.72"
Product46,47171058857,4769,$344.39
Product9,40167367890,4769,$8866.96
Product40,55526029031,4772,"$1,160.22"
Product43,17056912857,4772,"$5,000.97"
Product27,80866282821,4777,"$6,007.14"
Product32,61020718631,4777,"$1,028.03"
Product14,96081144218,4808,"$8,750.61"
Product33,98272167922,4808,"$4,773.06"
Product33,98272167922,4809,"$6,411.75"
Product43,17056912857,4809,"$9,946.76"
Product12,30915691076,4810,"$3,029.06"
Product34,68165039570,4810,"$5,064.15"
Product33,98272167922,4843,$5016.27
Product34,68165039570,4843,$7407.9
Product26,96938346833,4856,"$9,798.64"
Product7,61998026326,4856,"$1,209.60"
Product18,58387727048,4859,$3494.11
Product2,42676299195,4859,$6702.49
Product24,02627546415,4868,"$5,577.33"
Product39,57711561257,4868,"$1,822.28"
Product40,55526029031,4869,$3161.81
Product9,40167367890,4869,$9412.09
Product30,28206525665,4877,$2149.29
Product49,62508867644,4877,$3931.9
Product10,15201700933,4915,"$5,067.60"
Product30,28206525665,4915,"$6,935.83"
Product26,96938346833,4940,"$6,965.47"
Product7,61998026326,4940,"$5,130.42"
Product4,05497329552,4957,$9816.31
Product42,43943511958,4957,$3616.83
Product28,43248393236,4959,"$7,224.99"
Product9,40167367890,4959,"$7,900.67"
Product12,30915691076,4970,"$2,641.25"
Product38,78715089230,4970,"$2,806.09"
Product18,58387727048,4976,$6083.17
Product33,98272167922,4976,$2469.9
Product42,43943511958,4976,$3414.7
Product47,99407942739,4976,$4354.87
Product26,96938346833,4977,$5499.37
Product31,02270547691,4977,$8013.79
Product25,71287678869,4988,$9430.79
Product33,98272167922,4988,$7615.93
Product44,26394775919,5005,$9736.46
Product7,61998026326,5005,$3410.85
Product23,39930865637,5018,$9259.35
Product3,57673079711,5018,$3851.54
Product28,43248393236,5020,"$7,210.45"
Product31,02270547691,5020,"$3,242.76"
Product28,43248393236,5029,"$6,146.01"
Product49,62508867644,5029,$281.96
Product13,50453684543,5034,$6954.99
Product6,82683026278,5034,$233.46
Product8,48364282331,5045,"$1,555.32"
Product18,58387727048,5047,$7598.76
Product4,05497329552,5047,$906.79
Product22,45669451879,5049,"$1,793.81"
Product36,50169820334,5049,"$9,028.62"
Product10,15201700933,5053,$3394.52
Product22,45669451879,5053,$9648.3
Product14,96081144218,5057,"$2,441.99"
Product46,47171058857,5057,"$4,415.41"
Product21,60231740117,5079,$7165.93
Product9,40167367890,5079,$8173.16
Product26,96938346833,5085,"$4,309.15"
Product29,72063080298,5085,"$9,701.24"
Product11,74039078565,5087,$725.08
Product13,50453684543,5087,$6850.18
Product36,50169820334,5087,$1523.98
Product46,47171058857,5087,$602.01
Product4,05497329552,5122,"$9,442.48"
Product50,97096609255,5122,"$8,674.42"
Product11,74039078565,5125,"$6,855.89"
Product20,11423207414,5125,"$4,486.55"
Product15,20492544049,5131,"$1,119.08"
Product3,57673079711,5131,"$8,787.81"
Product21,60231740117,5138,"$8,128.81"
Product25,71287678869,5138,"$6,541.39"
Product22,45669451879,5156,$8725.97
Product26,96938346833,5156,$735.54
Product3,57673079711,5156,$7064.18
Product35,27130072807,5156,$7381.87
Product12,30915691076,5158,$662.56
Product2,42676299195,5158,$8408.63
Product36,50169820334,5171,"$3,401.73"
Product42,43943511958,5171,"$4,793.90"
Product13,50453684543,5172,"$6,764.94"
Product35,27130072807,5172,"$3,514.79"
Product20,11423207414,5174,"$2,682.66"
Product26,96938346833,5174,"$7,860.44"
Product28,43248393236,5177,"$9,896.32"
Product34,68165039570,5177,"$1,096.64"
Product24,02627546415,5182,$5568.82
Product28,43248393236,5182,$8051.89
Product15,20492544049,5186,$115.01
Product39,57711561257,5186,"$3,347.13"
Product13,50453684543,5190,"$1,236.14"
Product45,27818244162,5190,"$8,069.75"
Product33,98272167922,5206,$514.11
Product35,27130072807,5206,$8778.9
Product31,02270547691,5211,"$8,118.48"
Product4,05497329552,5211,"$5,986.91"
Product21,60231740117,5229,"$3,024.81"
Product40,55526029031,5229,"$8,216.80"
Product11,74039078565,5247,"$9,561.04"
Product13,50453684543,5247,"$7,463.10"
Product39,57711561257,5260,$7302.26
Product4,05497329552,5260,$9334.74
Product12,30915691076,5273,$2208.51
Product20,11423207414,5273,$8385.5
Product19,62570541976,5287,"$6,591.95"
Product28,43248393236,5287,"$3,393.76"
Product19,62570541976,5295,$3233.72
Product37,28016877120,5295,$4140.45
Product27,80866282821,5303,"$3,505.75"
Product34,68165039570,5303,"$6,734.74"
Product25,71287678869,5304,"$9,078.68"
Product5,96224002327,5304,"$1,272.59"
Product13,50453684543,5310,$3380.59
Product35,27130072807,5310,$9820.39
Product21,60231740117,5311,"$5,109.54"
Product37,28016877120,5311,"$8,556.61"
Product26,96938346833,5326,"$3,506.48"
Product33,98272167922,5326,"$9,075.25"
Product38,78715089230,5332,$7900.28
Product40,55526029031,5332,$4061.93
Product35,27130072807,5334,"$9,578.10"
Product38,78715089230,5334,"$3,174.99"
Product31,02270547691,5344,$7302.38
Product50,97096609255,5344,$8475.45
Product12,30915691076,5348,$98.40
Product6,82683026278,5348,"$5,949.32"
Product10,15201700933,5349,$6932.58
Product2,42676299195,5349,$1205.77
Product3,57673079711,5362,$4373.76
Product41,96191971221,5362,$9790.96
Product22,45669451879,5372,"$2,400.06"
Product9,40167367890,5372,"$1,410.22"
Product24,02627546415,5375,"$3,998.21"
Product6,82683026278,5375,"$3,660.86"
Product33,98272167922,5386,$3205.41
Product50,97096609255,5386,$701.94
Product27,80866282821,5394,"$9,031.01"
Product29,72063080298,5394,"$1,537.23"
Product25,71287678869,5412,"$8,104.67"
Product35,27130072807,5412,$175.33
Product19,62570541976,5415,$4254.57
Product5,96224002327,5415,$4068.25
Product22,45669451879,5416,"$2,420.32"
Product50,97096609255,5416,"$6,557.01"
Product19,62570541976,5429,"$3,158.02"
Product30,28206525665,5429,$314.94
Product39,57711561257,5440,"$4,047.46"
Product46,47171058857,5440,"$5,213.13"
Product3,57673079711,5444,"$9,368.84"
Product8,48364282331,5444,"$9,585.82"
Product27,80866282821,5449,$757.41
Product43,17056912857,5449,"$5,830.21"
Product14,96081144218,5467,"$8,161.31"
Product38,78715089230,5467,$754.72
Product10,15201700933,5477,$3057.2
Product9,40167367890,5477,$5383.68
Product31,02270547691,5538,$3164.09
Product39,57711561257,5538,$5518.56
Product22,45669451879,5541,$3351.77
Product29,72063080298,5541,$337.92
Product24,02627546415,5577,$2209.5
Product34,68165039570,5577,$9219.73
Product36,50169820334,5589,"$8,187.38"
Product46,47171058857,5589,"$6,267.30"
Product23,39930865637,5602,"$2,192.92"
Product49,62508867644,5602,"$4,462.84"
Product38,78715089230,5609,$3740.57
Product5,96224002327,5609,$2356.02
Product23,39930865637,5620,"$5,725.41"
Product6,82683026278,5620,"$1,067.88"
Product16,06702427519,5625,$696.20
Product35,27130072807,5625,"$8,830.61"
Product27,80866282821,5627,"$3,142.58"
Product5,96224002327,5627,$680.97
Product19,62570541976,5630,"$8,046.28"
Product42,43943511958,5630,"$5,560.11"
Product22,45669451879,5640,$8926.83
Product23,39930865637,5640,$6497.9
Product31,02270547691,5642,$245.75
Product5,96224002327,5642,$3391.16
Product28,43248393236,5662,"$6,018.59"
Product36,50169820334,5662,"$8,396.11"
Product18,58387727048,5677,"$4,182.45"
Product24,02627546415,5677,"$1,599.87"
Product50,97096609255,5678,"$9,925.92"
Product6,82683026278,5678,"$5,574.52"
Product32,61020718631,5680,$4400.78
Product48,94787770605,5680,$3715.11
Product1,67284329357,5690,"$8,623.84"
Product48,94787770605,5690,"$4,997.43"
Product42,43943511958,5705,$6913.02
Product47,99407942739,5705,$3240.09
Product39,57711561257,5712,$6434.65
Product4,05497329552,5712,$9967.02
Product18,58387727048,5724,"$4,086.94"
Product47,99407942739,5724,"$3,000.86"
Product17,70113966744,5727,$962.00
Product20,11423207414,5727,"$9,006.50"
Product40,55526029031,5734,"$5,537.11"
Product46,47171058857,5734,"$4,103.74"
Product42,43943511958,5749,$6506.85
Product11,74039078565,5759,$6926.13
Product14,96081144218,5759,$5880.81
Product36,50169820334,5819,$400.09
Product38,78715089230,5819,"$4,257.51"
Product33,98272167922,5837,$364.51
Product37,28016877120,5837,$6010.27
Product30,28206525665,5860,"$9,042.34"
Product40,55526029031,5860,"$5,929.00"
Product26,96938346833,5866,$6466.67
Product33,98272167922,5866,$5108.11
Product27,80866282821,5875,"$6,782.55"
Product33,98272167922,5875,"$4,165.35"
Product15,20492544049,5877,"$2,545.06"
Product24,02627546415,5877,$669.35
Product21,60231740117,5883,"$4,547.73"
Product40,55526029031,5883,"$8,070.43"
Product15,20492544049,5895,$1595.38
Product38,78715089230,5895,$8228.43
Product19,62570541976,5908,"$7,360.35"
Product24,02627546415,5908,"$1,533.63"
Product24,02627546415,5912,"$7,198.25"
Product26,96938346833,5912,"$8,039.54"
Product28,43248393236,5912,"$1,876.29"
Product9,40167367890,5912,"$1,589.08"
Product31,02270547691,5914,$9740.17
Product42,43943511958,5914,$1475.09
Product2,42676299195,5929,$8128.33
Product27,80866282821,5929,$9304.14
Product16,06702427519,5933,$6206.53
Product25,71287678869,5933,$1162.91
Product14,96081144218,5940,$9536.84
Product44,26394775919,5940,$5894.13
Product25,71287678869,5965,"$4,417.88"
Product28,43248393236,5965,"$1,083.11"
Product29,72063080298,5977,"$4,594.63"
Product6,82683026278,5977,"$5,567.80"
Product2,42676299195,5988,$6211.03
Product3,57673079711,5988,$2191.58
Product5,96224002327,5988,"$1,643.24"
Product40,55526029031,5993,$3891.19
Product26,96938346833,6035,"$2,870.44"
Product42,43943511958,6035,"$3,057.72"
Product16,06702427519,6037,$117.18
Product17,70113966744,6037,"$4,858.86"
Product38,78715089230,6037,"$9,532.04"
Product50,97096609255,6037,$5522.1
Product13,50453684543,6048,"$9,932.84"
Product9,40167367890,6048,"$3,350.24"
Product25,71287678869,6058,$4826.41
Product43,17056912857,6058,$8836.77
Product13,50453684543,6066,"$4,261.20"
Product7,61998026326,6066,"$6,774.30"
Product14,96081144218,6076,"$1,913.98"
Product8,48364282331,6076,$314.11
Product23,39930865637,6081,"$2,301.78"
Product4,05497329552,6081,"$9,165.42"
Product35,27130072807,6088,$8187.29
Product44,26394775919,6088,$9041.43
Product13,50453684543,6121,"$8,661.76"
Product45,27818244162,6121,"$5,088.53"
Product2,42676299195,6128,$8756.35
Product21,60231740117,6128,$1005.11
Product17,70113966744,6136,"$8,411.93"
Product34,68165039570,6136,"$3,539.22"
Product17,70113966744,6145,"$3,418.74"
Product32,61020718631,6145,"$6,423.51"
Product24,02627546415,6158,$1667.72
Product34,68165039570,6158,$1469.41
Product32,61020718631,6163,$873.6
Product49,62508867644,6163,$1433.34
Product37,28016877120,6185,"$7,224.14"
Product38,78715089230,6185,"$3,226.16"
Product20,11423207414,6194,"$2,278.73"
Product7,61998026326,6194,"$2,469.88"
Product25,71287678869,6199,$221.94
Product9,40167367890,6199,"$4,806.59"
Product14,96081144218,6201,$3989.15
Product20,11423207414,6201,$3168.69
Product20,11423207414,6207,$2350.6
Product42,43943511958,6207,$8768.59
Product34,68165039570,6213,$687.84
Product42,43943511958,6213,$9941.06
Product25,71287678869,6237,"$6,164.20"
Product46,47171058857,6237,"$9,641.19"
Product2,42676299195,6239,$350.90
Product7,61998026326,6239,"$2,744.33"
Product37,28016877120,6255,"$5,222.83"
Product5,96224002327,6255,"$1,041.39"
Product45,27818244162,6262,$6027.69
Product5,96224002327,6262,$9591.01
Product37,28016877120,6264,$3495.94
Product41,96191971221,6264,$4083.44
Product1,67284329357,6295,"$7,170.11"
Product27,80866282821,6295,"$9,115.27"
Product37,28016877120,6320,$7707.88
Product5,96224002327,6320,$3228.96
Product11,74039078565,6322,"$2,694.80"
Product3,57673079711,6322,"$1,473.23"
Product28,43248393236,6326,"$3,024.59"
Product50,97096609255,6326,"$5,046.49"
Product28,43248393236,6327,$7917.85
Product34,68165039570,6327,$4055.68
Product27,80866282821,6355,"$6,083.69"
Product43,17056912857,6355,"$3,255.68"
Product14,96081144218,6364,$839.59
Product20,11423207414,6364,"$7,334.36"
Product32,61020718631,6369,"$1,147.02"
Product9,40167367890,6369,"$8,962.41"
Product34,68165039570,6373,$353.52
Product44,26394775919,6373,"$3,342.05"
Product15,20492544049,6376,"$6,995.65"
Product3,57673079711,6376,"$8,821.12"
Product16,06702427519,6404,$4512.98
Product41,96191971221,6404,$632.78
Product3,57673079711,6419,"$7,808.37"
Product50,97096609255,6419,"$1,969.84"
Product42,43943511958,6420,"$5,672.38"
Product44,26394775919,6420,"$1,583.87"
Product4,05497329552,6434,$8848.41
Product9,40167367890,6434,$9866.68
Product40,55526029031,6435,$358.35
Product5,96224002327,6435,$6746.15
Product36,50169820334,6468,$1853.99
Product37,28016877120,6468,$4429.02
Product33,98272167922,6478,$1233.33
Product35,27130072807,6478,$6317.55
Product17,70113966744,6490,$2416.77
Product20,11423207414,6490,$1472.01
Product21,60231740117,6506,$580.38
Product31,02270547691,6506,$6254.54
Product22,45669451879,6512,"$4,602.88"
Product37,28016877120,6512,"$7,818.14"
Product28,43248393236,6514,$5925.54
Product9,40167367890,6514,$899.84
Product19,62570541976,6518,$5028.61
Product28,43248393236,6518,$6187.01
Product11,74039078565,6519,$9242.5
Product42,43943511958,6519,$9690.71
Product44,26394775919,6563,$8853.56
Product50,97096609255,6563,$2369.14
Product34,68165039570,6576,$4840.77
Product43,17056912857,6576,$7879.25
Product46,47171058857,6584,$9412.85
Product47,99407942739,6584,$3625.88
Product39,57711561257,6605,"$7,299.23"
Product46,47171058857,6605,"$6,122.66"
Product13,50453684543,6607,"$8,870.47"
Product43,17056912857,6607,"$4,817.07"
Product23,39930865637,6610,"$9,065.51"
Product40,55526029031,6610,"$7,773.55"
Product13,50453684543,6621,$430.44
Product7,61998026326,6621,$7952.35
Product29,72063080298,6634,"$6,967.43"
Product41,96191971221,6634,"$6,841.17"
Product21,60231740117,6636,$2854.71
Product24,02627546415,6636,$1226.82
Product39,57711561257,6637,$9104.21
Product42,43943511958,6637,$3279.98
Product17,70113966744,6639,$6033.39
Product21,60231740117,6639,$365.94
Product36,50169820334,6639,$1227.03
Product2,42676299195,6651,"$5,191.79"
Product4,05497329552,6651,"$9,559.39"
Product3,57673079711,6661,$9092.68
Product50,97096609255,6661,$4388.69
Product46,47171058857,6662,$7493.03
Product6,82683026278,6662,$9726.37
Product19,62570541976,6671,"$8,178.97"
Product3,57673079711,6671,"$6,386.39"
Product13,50453684543,6673,$6019.98
Product5,96224002327,6673,$3926.71
Product4,05497329552,6685,"$9,247.83"
Product9,40167367890,6685,"$1,985.40"
Product37,28016877120,6733,"$2,062.27"
Product42,43943511958,6733,"$8,587.10"
Product17,70113966744,6745,$9206.16
Product45,27818244162,6745,$9870.51
Product14,96081144218,6756,$9378.39
Product22,45669451879,6756,$3278.98
Product2,42676299195,6774,"$6,496.79"
Product25,71287678869,6774,$4048.27
Product32,61020718631,6774,$5085.22
Product5,96224002327,6774,"$1,162.87"
Product20,11423207414,6776,$676.83
Product48,94787770605,6776,"$7,573.83"
Product13,50453684543,6778,$9799.89
Product22,45669451879,6778,$8352.29
Product21,60231740117,6781,"$7,931.19"
Product40,55526029031,6781,"$1,842.17"
Product10,15201700933,6796,"$1,651.62"
Product40,55526029031,6796,"$6,721.27"
Product31,02270547691,6821,$8786.54
Product9,40167367890,6821,$3435.19
Product22,45669451879,6829,"$6,943.33"
Product41,96191971221,6829,"$2,981.18"
Product30,28206525665,6843,$3558.71
Product6,82683026278,6843,$3115.81
Product18,58387727048,6852,$3739.88
Product38,78715089230,6852,$6660.69
Product1,67284329357,6857,$990.07
Product11,74039078565,6857,"$2,192.04"
Product22,45669451879,6865,"$1,658.55"
Product40,55526029031,6865,"$6,496.75"
Product11,74039078565,6881,"$6,693.97"
Product29,72063080298,6881,$625.92
Product17,70113966744,6914,"$4,583.25"
Product23,39930865637,6914,"$3,024.30"
Product35,27130072807,6914,$1318.35
Product50,97096609255,6914,$4302
Product10,15201700933,6925,$9245.66
Product15,20492544049,6925,$430.6
Product15,20492544049,6932,"$8,345.56"
Product41,96191971221,6932,"$5,412.97"
Product27,80866282821,6934,$6646.03
Product34,68165039570,6934,$5894.7
Product38,78715089230,6942,"$7,503.58"
Product50,97096609255,6942,"$6,321.96"
Product13,50453684543,6992,$4613.34
Product14,96081144218,7003,"$6,778.81"
Product48,94787770605,7003,"$8,333.88"
Product13,50453684543,7009,"$3,241.32"
Product39,57711561257,7009,"$5,051.84"
Product10,15201700933,7011,$797.28
Product23,39930865637,7011,$537.72
Product15,20492544049,7022,$9902.53
Product28,43248393236,7022,"$7,451.32"
Product42,43943511958,7022,$4196.22
Product8,48364282331,7022,"$4,681.43"
Product14,96081144218,7024,$9530.3
Product2,42676299195,7024,$6797.18
Product31,02270547691,7075,$7582.61
Product49,62508867644,7075,$6498.57
Product31,02270547691,7086,"$3,621.72"
Product41,96191971221,7086,"$5,522.83"
Product10,15201700933,7094,"$9,889.98"
Product15,20492544049,7094,"$7,058.31"
Product2,42676299195,7109,"$5,244.90"
Product24,02627546415,7109,"$8,970.28"
Product47,99407942739,7132,$7660.79
Product49,62508867644,7132,$9603.86
Product20,11423207414,7145,$9074.89
Product43,17056912857,7145,$4174.47
Product11,74039078565,7150,$8787.09
Product9,40167367890,7150,$4428.7
Product25,71287678869,7158,$8925.33
Product5,96224002327,7158,$1179.93
Product32,61020718631,7188,$9009.01
Product5,96224002327,7188,$4375.65
Product44,26394775919,7213,$9088.05
Product49,62508867644,7213,$2337.7
Product18,58387727048,7226,$1018.13
Product30,28206525665,7226,$3018.19
Product46,47171058857,7226,$2700.26
Product5,96224002327,7226,$8539.5
Product32,61020718631,7233,$8925.8
Product47,99407942739,7233,$1295.93
Product18,58387727048,7248,"$7,700.00"
Product21,60231740117,7248,"$1,044.23"
Product31,02270547691,7256,$2643.62
Product40,55526029031,7256,$9795.29
Product32,61020718631,7258,$678.10
Product5,96224002327,7258,"$3,795.36"
Product1,67284329357,7270,$8505.42
Product44,26394775919,7270,$8641.27
Product24,02627546415,7278,$7455.02
Product8,48364282331,7278,$1562.69
Product27,80866282821,7288,"$5,369.76"
Product35,27130072807,7288,"$1,605.62"
Product19,62570541976,7289,"$4,573.98"
Product35,27130072807,7289,"$2,567.18"
Product1,67284329357,7301,$1117.41
Product12,30915691076,7301,$9472.68
Product21,60231740117,7301,"$2,798.97"
Product5,96224002327,7301,"$6,537.87"
Product41,96191971221,7304,$6580.02
Product5,96224002327,7304,$1028.38
Product40,55526029031,7309,"$4,967.01"
Product49,62508867644,7309,"$7,687.20"
Product22,45669451879,7324,$361.65
Product3,57673079711,7324,$4031.22
Product11,74039078565,7328,$644.37
Product26,96938346833,7328,$234.41
Product26,96938346833,7354,$7228.4
Product29,72063080298,7354,$4147.27
Product10,15201700933,7355,$110.31
Product6,82683026278,7355,"$9,632.71"
Product14,96081144218,7361,$2274.37
Product49,62508867644,7361,$9166.86
Product20,11423207414,7389,$7962.22
Product9,40167367890,7389,$7409.66
Product3,57673079711,7397,$8447.84
Product7,61998026326,7397,$9456.64
Product23,39930865637,7416,$6810.64
Product6,82683026278,7416,$3946.51
Product29,72063080298,7418,"$2,110.29"
Product38,78715089230,7418,"$4,994.96"
Product39,57711561257,7419,$5451.1
Product43,17056912857,7419,$3473.76
Product24,02627546415,7426,$9570.82
Product48,94787770605,7426,$959.29
Product10,15201700933,7427,$5402.15
Product30,28206525665,7427,$316.36
Product14,96081144218,7440,$2694.34
Product17,70113966744,7454,"$9,425.31"
Product43,17056912857,7454,"$6,508.67"
Product12,30915691076,7456,$788.96
Product15,20492544049,7456,$4604.92
Product37,28016877120,7465,"$5,014.01"
Product46,47171058857,7465,"$9,109.89"
Product22,45669451879,7490,$1359.47
Product29,72063080298,7490,$3961.71
Product32,61020718631,7495,$2023.63
Product41,96191971221,7495,$2297.55
Product30,28206525665,7512,$7044.19
Product39,57711561257,7512,$9271.71
Product22,45669451879,7525,"$1,655.09"
Product39,57711561257,7525,"$2,151.10"
Product37,28016877120,7535,$4664.35
Product50,97096609255,7535,$8095.02
Product2,42676299195,7536,"$6,574.83"
Product6,82683026278,7536,"$5,658.49"
Product17,70113966744,7577,$4756.32
Product6,82683026278,7577,$9449.39
Product12,30915691076,7596,$251.01
Product14,96081144218,7596,$3482.44
Product34,68165039570,7609,$4272.97
Product35,27130072807,7609,$9276.16
Product21,60231740117,7653,$2152.29
Product47,99407942739,7653,$8598.41
Product10,15201700933,7654,"$5,850.27"
Product21,60231740117,7654,"$9,578.13"
Product30,28206525665,7661,"$5,659.28"
Product40,55526029031,7661,"$8,349.90"
Product24,02627546415,7677,"$7,952.80"
Product49,62508867644,7677,"$7,547.97"
Product1,67284329357,7681,"$1,451.71"
Product18,58387727048,7681,$1389.24
Product32,61020718631,7681,$8216.41
Product47,99407942739,7681,"$8,633.85"
Product18,58387727048,7689,"$2,745.22"
Product6,82683026278,7689,"$4,782.61"
Product22,45669451879,7698,"$1,624.17"
Product43,17056912857,7698,"$5,774.66"
Product33,98272167922,7704,$2616.66
Product4,05497329552,7704,$5271.03
Product1,67284329357,7714,$341.66
Product18,58387727048,7714,$1851.87
Product13,50453684543,7716,$1604.34
Product16,06702427519,7716,$6461.61
Product12,30915691076,7728,"$8,706.44"
Product44,26394775919,7728,"$3,094.99"
Product2,42676299195,7733,"$5,235.94"
Product32,61020718631,7733,"$9,531.43"
Product30,28206525665,7745,$3659.85
Product31,02270547691,7745,$6459.61
Product1,67284329357,7750,$7837.5
Product16,06702427519,7750,$4301.05
Product25,71287678869,7775,$4280.18
Product49,62508867644,7775,$9395.58
Product4,05497329552,7784,$3501.3
Product48,94787770605,7784,$7493.93
Product20,11423207414,7791,"$3,050.16"
Product7,61998026326,7791,"$3,737.27"
Product34,68165039570,7844,$216.31
Product46,47171058857,7844,"$2,318.66"
Product23,39930865637,7855,$3339.84
Product7,61998026326,7855,$2731.95
Product23,39930865637,7868,$4297.18
Product42,43943511958,7868,$6734.53
Product10,15201700933,7873,"$7,335.51"
Product27,80866282821,7873,"$6,399.09"
Product20,11423207414,7884,$3658
Product5,96224002327,7884,$2898.15
Product30,28206525665,7886,$2740.99
Product32,61020718631,7886,$4694.06
Product1,67284329357,7891,$207.41
Product33,98272167922,7891,$516.96
Product14,96081144218,7899,"$2,167.32"
Product29,72063080298,7899,"$7,178.56"
Product2,42676299195,7908,"$2,574.80"
Product21,60231740117,7908,"$5,097.92"
Product32,61020718631,7915,"$1,687.63"
Product44,26394775919,7915,"$4,264.90"
Product16,06702427519,7954,$4720.66
Product41,96191971221,7954,$4642.72
Product1,67284329357,7959,$5282.99
Product2,42676299195,7959,$226.77
Product25,71287678869,7969,$9429.37
Product39,57711561257,7969,$6882.24
Product15,20492544049,7980,"$1,314.16"
Product21,60231740117,7980,"$4,695.38"
Product2,42676299195,7982,"$1,586.05"
Product4,05497329552,7982,"$2,113.51"
Product42,43943511958,7986,$6089.3
Product49,62508867644,7986,$7800.69
Product1,67284329357,7987,"$6,255.77"
Product3,57673079711,7987,"$6,268.63"
Product41,96191971221,7987,"$5,012.87"
Product8,48364282331,7987,"$4,521.69"
Product35,27130072807,7993,"$8,809.03"
Product47,99407942739,7993,"$4,428.12"
Product14,96081144218,7994,"$4,475.20"
Product37,28016877120,7994,"$1,404.70"
Product1,67284329357,8004,"$2,825.53"
Product13,50453684543,8004,"$9,924.44"
Product23,39930865637,8011,$9868.98
Product32,61020718631,8011,$4090.18
Product10,15201700933,8020,$8958.62
Product40,55526029031,8020,$3961.77
Product39,57711561257,8031,$775.4
Product44,26394775919,8031,$99.11
Product23,39930865637,8042,$902.90
Product39,57711561257,8042,"$8,250.07"
Product27,80866282821,8066,$1904.3
Product8,48364282331,8066,$3182.31
Product19,62570541976,8073,"$7,349.48"
Product26,96938346833,8073,"$4,507.57"
Product34,68165039570,8077,"$6,290.40"
Product26,96938346833,8084,"$3,571.84"
Product43,17056912857,8084,"$5,989.18"
Product2,42676299195,8099,"$2,980.76"
Product7,61998026326,8099,"$2,816.68"
Product22,45669451879,8103,$4568
Product47,99407942739,8103,$4940.12
Product13,50453684543,8108,"$7,724.92"
Product38,78715089230,8108,"$9,133.06"
Product19,62570541976,8125,$3678.48
Product18,58387727048,8132,"$1,906.04"
Product27,80866282821,8132,"$9,253.00"
Product17,70113966744,8141,$6696.59
Product19,62570541976,8141,$5090.75
Product10,15201700933,8147,"$2,028.38"
Product36,50169820334,8147,"$5,297.16"
Product12,30915691076,8153,"$6,517.05"
Product39,57711561257,8153,"$5,466.35"
Product1,67284329357,8155,$2560.12
Product15,20492544049,8155,"$8,697.16"
Product22,45669451879,8155,"$6,872.61"
Product24,02627546415,8155,$5690.08
Product23,39930865637,8192,$920.51
Product38,78715089230,8192,"$2,355.93"
Product40,55526029031,8193,"$4,911.16"
Product9,40167367890,8193,"$3,047.54"
Product39,57711561257,8195,"$9,683.88"
Product49,62508867644,8195,"$4,219.46"
Product20,11423207414,8219,$8338.74
Product36,50169820334,8219,$6649.31
Product22,45669451879,8241,"$2,533.47"
Product42,43943511958,8241,"$1,299.22"
Product48,94787770605,8243,$5625.75
Product7,61998026326,8243,$8394.12
Product21,60231740117,8246,$8944.63
Product26,96938346833,8264,$9058.34
Product33,98272167922,8264,$6648.18
Product2,42676299195,8275,"$8,266.34"
Product22,45669451879,8275,"$1,704.87"
Product23,39930865637,8299,"$4,279.47"
Product49,62508867644,8299,"$5,450.37"
Product5,96224002327,8299,"$3,294.85"
Product1,67284329357,8303,$5427.32
Product27,80866282821,8303,$3011.97
Product16,06702427519,8308,$3399.33
Product27,80866282821,8308,$8171.98
Product15,20492544049,8315,$9172.61
Product34,68165039570,8315,$2052.91
Product17,70113966744,8317,$3983.94
Product29,72063080298,8317,$1152.93
Product37,28016877120,8333,"$8,735.13"
Product42,43943511958,8333,"$1,154.69"
Product19,62570541976,8339,"$4,997.33"
Product28,43248393236,8339,$304.19
Product13,50453684543,8353,"$1,017.95"
Product17,70113966744,8353,$7820.28
Product34,68165039570,8353,$671.81
Product46,47171058857,8353,$7793.68
Product20,11423207414,8354,"$1,954.58"
Product50,97096609255,8354,"$1,329.14"
Product35,27130072807,8356,$2300.69
Product4,05497329552,8356,$9383.79
Product44,26394775919,8356,"$9,188.14"
Product46,47171058857,8356,"$1,522.30"
Product27,80866282821,8357,$6950.93
Product45,27818244162,8357,$142.9
Product33,98272167922,8364,$6729.74
Product45,27818244162,8364,$9303.59
Product14,96081144218,8379,"$4,925.37"
Product49,62508867644,8379,"$9,951.19"
Product21,60231740117,8385,"$7,758.86"
Product35,27130072807,8385,$930.32
Product23,39930865637,8394,"$3,320.36"
Product27,80866282821,8397,"$8,741.81"
Product3,57673079711,8397,$317.03
Product26,96938346833,8398,"$1,306.89"
Product46,47171058857,8398,"$3,053.46"
Product49,62508867644,8398,"$2,417.62"
Product9,40167367890,8398,"$3,846.55"
Product17,70113966744,8418,$764.42
Product40,55526029031,8418,"$1,888.39"
Product28,43248393236,8432,"$1,351.84"
Product36,50169820334,8432,"$8,930.14"
Product47,99407942739,8434,"$2,750.76"
Product5,96224002327,8434,"$6,771.96"
Product47,99407942739,8444,$3319.56
Product50,97096609255,8444,$1279.02
Product14,96081144218,8446,"$4,967.26"
Product29,72063080298,8446,"$3,071.95"
Product50,97096609255,8452,"$4,913.38"
Product6,82683026278,8452,"$7,457.37"
Product19,62570541976,8469,"$1,181.90"
Product2,42676299195,8469,$2.16
Product11,74039078565,8478,"$8,169.97"
Product48,94787770605,8478,"$7,686.73"
Product25,71287678869,8505,$3335.93
Product32,61020718631,8505,$1406.91
Product23,39930865637,8530,"$8,983.10"
Product36,50169820334,8530,"$5,230.39"
Product1,67284329357,8532,"$5,824.90"
Product21,60231740117,8532,"$9,071.03"
Product19,62570541976,8537,$1420.97
Product42,43943511958,8537,$7165.75
Product23,39930865637,8569,$693.27
Product36,50169820334,8569,$795.3
Product28,43248393236,8597,"$8,711.46"
Product35,27130072807,8597,"$1,607.02"
Product50,97096609255,8597,$5962.38
Product8,48364282331,8597,$2922.51
Product18,58387727048,8625,"$4,728.89"
Product2,42676299195,8625,"$5,359.37"
Product22,45669451879,8632,"$9,518.34"
Product7,61998026326,8632,$172.64
Product18,58387727048,8641,"$6,248.26"
Product42,43943511958,8641,"$4,246.98"
Product15,20492544049,8642,$5282.72
Product39,57711561257,8642,$5644.11
Product10,15201700933,8646,"$5,870.45"
Product43,17056912857,8646,"$1,822.81"
Product14,96081144218,8649,$5879.85
Product19,62570541976,8649,$7407.32
Product15,20492544049,8659,"$8,991.39"
Product25,71287678869,8659,"$9,030.94"
Product14,96081144218,8663,$2861.26
Product18,58387727048,8663,$942.04
Product16,06702427519,8669,$646.46
Product36,50169820334,8669,$5198.54
Product35,27130072807,8685,"$5,822.10"
Product49,62508867644,8685,"$5,968.25"
Product27,80866282821,8690,$8087.63
Product45,27818244162,8690,$2484.26
Product24,02627546415,8694,$7130.45
Product38,78715089230,8694,$4831.35
Product5,96224002327,8699,$7554.35
Product9,40167367890,8699,$193.52
Product12,30915691076,8712,$3144.6
Product36,50169820334,8712,$4468.62
Product40,55526029031,8713,$9725.24
Product8,48364282331,8713,$828.05
Product13,50453684543,8726,$4645.56
Product15,20492544049,8726,$3988.26
Product49,62508867644,8727,"$4,800.41"
Product5,96224002327,8727,"$9,328.22"
Product2,42676299195,8747,"$3,139.01"
Product37,28016877120,8747,"$6,575.07"
Product15,20492544049,8759,"$9,222.89"
Product6,82683026278,8759,"$2,368.92"
Product17,70113966744,8786,$1510.53
Product33,98272167922,8786,$7319.92
Product14,96081144218,8793,$5966.47
Product35,27130072807,8793,$9634.23
Product10,15201700933,8805,$1628.4
Product17,70113966744,8805,$66.35
Product28,43248393236,8805,$8733.71
Product38,78715089230,8805,$7086.62
Product12,30915691076,8823,"$4,780.34"
Product22,45669451879,8823,"$3,248.17"
Product8,48364282331,8823,"$4,112.44"
Product31,02270547691,8842,"$4,055.20"
Product50,97096609255,8842,"$3,550.07"
Product20,11423207414,8844,$4789.49
Product48,94787770605,8844,$4537.16
Product17,70113966744,8870,$3950.2
Product7,61998026326,8870,$3460.55
Product2,42676299195,8878,$646.70
Product45,27818244162,8878,$151.86
Product40,55526029031,8902,"$7,551.86"
Product44,26394775919,8902,"$2,361.59"
Product16,06702427519,8908,$7979.05
Product19,62570541976,8908,$977.98
Product24,02627546415,8916,$9658.92
Product49,62508867644,8916,$4071.7
Product37,28016877120,8936,"$2,862.84"
Product43,17056912857,8936,"$3,234.84"
Product1,67284329357,8940,$772.87
Product30,28206525665,8940,"$2,501.53"
Product1,67284329357,8956,"$9,043.96"
Product22,45669451879,8956,"$8,594.46"
Product1,67284329357,8966,"$3,444.38"
Product21,60231740117,8966,"$7,159.80"
Product45,27818244162,8971,$9486.86
Product49,62508867644,8971,$714.5
Product27,80866282821,8983,"$6,307.45"
Product33,98272167922,8983,"$9,395.27"
Product2,42676299195,8984,$3825.22
Product49,62508867644,8984,$8819.69
Product27,80866282821,8987,"$3,013.31"
Product31,02270547691,8987,$973.86
Product12,30915691076,8988,"$2,572.41"
Product40,55526029031,8988,"$8,333.93"
Product39,57711561257,8989,"$5,297.52"
Product9,40167367890,8989,"$3,423.06"
Product15,20492544049,9001,$7511.86
Product4,05497329552,9001,$4981.47
Product34,68165039570,9006,"$3,386.50"
Product5,96224002327,9006,"$9,150.00"
Product39,57711561257,9010,"$4,385.84"
Product8,48364282331,9010,"$8,602.02"
Product19,62570541976,9018,$2082.76
Product41,96191971221,9018,$9437.43
Product31,02270547691,9020,$3709.56
Product45,27818244162,9020,$6115.11
Product24,02627546415,9024,"$2,484.07"
Product50,97096609255,9024,"$5,183.48"
Product37,28016877120,9025,"$5,326.06"
Product6,82683026278,9025,"$3,228.98"
Product14,96081144218,9029,$3738.63
Product39,57711561257,9029,$8816.3
Product34,68165039570,9035,"$7,203.38"
Product47,99407942739,9035,"$4,134.58"
Product33,98272167922,9036,$376.77
Product34,68165039570,9036,"$7,392.14"
Product19,62570541976,9037,"$5,451.01"
Product3,57673079711,9037,$589.45
Product10,15201700933,9040,$5942.67
Product4,05497329552,9040,$148.71
Product10,15201700933,9043,$2277.02
Product19,62570541976,9043,$5142.94
Product20,11423207414,9057,"$5,977.54"
Product37,28016877120,9057,"$8,699.12"
Product5,96224002327,9062,"$8,634.90"
Product6,82683026278,9062,"$3,092.54"
Product13,50453684543,9089,"$6,023.24"
Product32,61020718631,9089,"$7,232.84"
Product26,96938346833,9090,"$7,465.99"
Product41,96191971221,9090,"$8,755.64"
Product20,11423207414,9099,$1507
Product25,71287678869,9099,$1559.81
Product21,60231740117,9102,"$9,857.64"
Product8,48364282331,9102,"$7,651.06"
Product31,02270547691,9135,"$3,694.06"
Product46,47171058857,9135,"$7,585.96"
Product1,67284329357,9138,"$6,205.62"
Product50,97096609255,9138,"$4,878.27"
Product11,74039078565,9143,$1068.81
Product34,68165039570,9143,$2726.43
Product39,57711561257,9159,"$4,414.44"
Product5,96224002327,9159,"$2,389.13"
Product17,70113966744,9174,$790.31
Product38,78715089230,9174,"$3,833.39"
Product18,58387727048,9177,$552.92
Product6,82683026278,9177,$4935.55
Product21,60231740117,9200,"$5,198.42"
Product28,43248393236,9200,"$9,419.17"
Product18,58387727048,9211,$346.80
Product34,68165039570,9211,$157.34
Product10,15201700933,9219,"$6,760.11"
Product2,42676299195,9219,"$3,556.37"
Product11,74039078565,9235,"$1,949.09"
Product17,70113966744,9235,"$1,381.29"
Product33,98272167922,9235,$9062.23
Product6,82683026278,9235,$670.17
Product42,43943511958,9254,"$2,275.99"
Product47,99407942739,9254,"$4,023.18"
Product32,61020718631,9265,"$7,590.71"
Product44,26394775919,9265,"$2,449.65"
Product10,15201700933,9271,$4917.96
Product11,74039078565,9271,$3746.19
Product15,20492544049,9271,"$9,220.53"
Product32,61020718631,9271,"$4,219.26"
Product44,26394775919,9271,"$6,152.13"
Product49,62508867644,9271,"$1,814.80"
Product34,68165039570,9282,$623.51
Product38,78715089230,9282,"$9,851.02"
Product14,96081144218,9292,$7313.84
Product30,28206525665,9292,$3686.62
Product22,45669451879,9299,"$4,932.82"
Product44,26394775919,9299,"$6,770.75"
Product16,06702427519,9325,$4806.62
Product31,02270547691,9325,$4049.95
Product2,42676299195,9327,$822.6
Product24,02627546415,9327,$8714.13
Product12,30915691076,9341,$6240.09
Product3,57673079711,9341,$1291.83
Product15,20492544049,9366,"$5,432.24"
Product33,98272167922,9366,"$6,615.65"
Product37,28016877120,9375,"$7,461.96"
Product50,97096609255,9375,"$1,941.61"
Product29,72063080298,9376,$928.98
Product32,61020718631,9376,"$6,280.17"
Product23,39930865637,9411,"$4,321.09"
Product8,48364282331,9411,"$6,097.80"
Product3,57673079711,9420,"$5,653.57"
Product6,82683026278,9420,"$5,221.66"
Product38,78715089230,9426,"$3,690.66"
Product42,43943511958,9426,"$3,051.49"
Product47,99407942739,9430,$7326.64
Product7,61998026326,9430,$3747.97
Product21,60231740117,9444,$4146.12
Product44,26394775919,9444,$8723.24
Product32,61020718631,9469,"$2,482.59"
Product46,47171058857,9469,"$8,735.76"
Product22,45669451879,9513,"$8,682.81"
Product44,26394775919,9513,$17.62
Product37,28016877120,9524,$6077.02
Product5,96224002327,9524,$9149.39
Product16,06702427519,9538,"$1,060.65"
Product21,60231740117,9538,$601.94
Product19,62570541976,9547,$7755.15
Product32,61020718631,9547,$6896.73
Product30,28206525665,9570,$2741.14
Product42,43943511958,9570,$8181.46
Product18,58387727048,9613,"$2,741.35"
Product8,48364282331,9613,"$2,774.18"
Product27,80866282821,9666,"$3,251.31"
Product32,61020718631,9666,"$4,219.64"
Product17,70113966744,9672,"$2,823.53"
Product24,02627546415,9672,"$4,839.91"
Product38,78715089230,9693,"$5,652.52"
Product39,57711561257,9693,"$7,981.82"
Product48,94787770605,9701,$4376.32
Product7,61998026326,9701,$9345.57
Product18,58387727048,9703,$7855.94
Product37,28016877120,9703,$6841.29
Product14,96081144218,9710,$1724.66
Product35,27130072807,9710,$4647.14
Product45,27818244162,9712,"$7,994.36"
Product46,47171058857,9712,"$1,753.96"
Product28,43248393236,9716,$2553.82
Product5,96224002327,9716,$5275.9
Product31,02270547691,9752,"$6,102.72"
Product7,61998026326,9752,"$2,456.32"
Product19,62570541976,9754,$123.65
Product29,72063080298,9754,$4636.08
Product12,30915691076,9761,"$6,836.57"
Product26,96938346833,9761,"$2,877.68"
Product23,39930865637,9771,"$4,006.15"
Product32,61020718631,9771,"$6,969.00"
Product31,02270547691,9780,"$7,840.30"
Product32,61020718631,9780,"$3,054.47"
Product21,60231740117,9782,$3784.91
Product31,02270547691,9782,$2103.22
Product41,96191971221,9782,$6388.94
Product50,97096609255,9782,$6554.72
Product32,61020718631,9791,"$5,529.01"
Product6,82683026278,9791,"$6,804.66"
Product17,70113966744,9799,$8089.68
Product5,96224002327,9799,$8095.54
Product16,06702427519,9807,$3626.85
Product20,11423207414,9807,$5095.42
Product31,02270547691,9809,"$4,442.21"
Product49,62508867644,9809,"$8,649.49"
Product15,20492544049,9817,$8513.06
Product45,27818244162,9817,$8225.59
Product15,20492544049,9844,$575.9
Product41,96191971221,9844,$8909.57
Product29,72063080298,9848,$839.15
Product48,94787770605,9848,"$5,738.30"
Product11,74039078565,9854,"$9,123.36"
Product4,05497329552,9854,"$8,193.76"
Product11,74039078565,9874,$6399.38
Product5,96224002327,9874,$9625.3
Product14,96081144218,9910,$7809.54
Product36,50169820334,9910,$6985.73
Product27,80866282821,9913,$3591.38
Product44,26394775919,9913,$803.25
Product14,96081144218,9971,$4731.22
Product16,06702427519,9971,$6951.74
Product25,71287678869,9976,"$3,640.26"
Product6,82683026278,9976,"$1,672.93"
Product26,96938346833,9982,"$7,827.39"
Product39,57711561257,9982,"$3,832.84"
Product37,28016877120,9983,"$2,691.13"
Product43,17056912857,9983,"$6,867.50"
Product13,50453684543,9985,"$6,337.10"
Product40,55526029031,9985,"$5,707.01"
Product10,15201700933,9994,$3612.08
Product14,96081144218,9994,$3546.55
